id	severity	slice	component	summary	source_report
API-1	Critical	api-routes	POST /api/orders × worker-new-order.tsx	the worker New-order dialog posts tableNumber while POST /api/orders requires tableToken, so every worker-created order (including all custom lines) returns 400 BAD_BODY — 100% broken.	docs/audit/02-api-routes.md
API-10	Medium	api-routes	POST /api/auth/signup partial provisioning	on a binding failure the account is created but owns nothing (login lands on an empty dashboard with no explanation, and there is no retry path — a second signup is refused by design or binds nothing…	docs/audit/02-api-routes.md
API-11	Low	api-routes	rate-limit response consistency	callers cannot back off uniformly; the two client-side retry UIs that exist (guest order submit, scan dialog) read message prose instead.	docs/audit/02-api-routes.md
API-12	Low	api-routes	POST /api/menu/scan error detail leak	internal/provider detail (endpoint paths, provider error payloads, stack-derived messages from String(err)) is returned to the browser.	docs/audit/02-api-routes.md
API-13	Low	api-routes	unreferenced endpoints → no worker revocation	the owner's worker list is permanently empty on the device that created the invite (and after any localStorage clear), and worker revocation is unreachable from the product even though DELETE…	docs/audit/02-api-routes.md
API-14	Low	api-routes	menu sync rewrites the public slug	renaming the restaurant silently changes its public URL, so every already-printed or shared /menu/<slug>/<token> link 404s.	docs/audit/02-api-routes.md
API-15	Low	api-routes	owner-supplied acceptedBy is not scoped to the restaurant	an owner can attribute an order to an arbitrary UUID — including a worker of another restaurant — and pair it with any name, so the "Accepted by <name>" attribution on the board is not trustworthy.	docs/audit/02-api-routes.md
API-16	Low	api-routes	POST /api/auth/callback refresh-token fallback	when the link carries no refresh_token, the access token is stored as the refresh token; the grant then fails deterministically and the session dies at the access-token TTL (~1 h) with no refresh…	docs/audit/02-api-routes.md
API-17	Low	api-routes	POST /api/upload failures degrade to a data URL	after a rejected upload (e.g. a GIF passes the client's image/* check but not the server's MIME allowlist at upload/route.ts:79-82), the menu carries a data: URL and every subsequent autosave fails —…	docs/audit/02-api-routes.md
API-2	Critical	api-routes	GET /api/menu + onboarding-store autosave	a swallowed PostgREST error in GET /api/menu is reported as an empty menu, and the client autosave then PUTs that empty state — deleting every product and every table of the restaurant ~900 ms later.	docs/audit/02-api-routes.md
API-3	High	api-routes	PUT /api/menu	on a slug clash the request returns 409 but the write already landed, so two restaurants now share a slug; .single() then fails with PGRST116 (multiple rows returned) → notFound() → the public menu…	docs/audit/02-api-routes.md
API-4	Medium	api-routes	fetchForeignRows ownership guard	the IDOR guard fails open. Any error from that ownership query (transient, schema cache, malformed filter) is interpreted as "no foreign rows", so a payload containing another restaurant's…	docs/audit/02-api-routes.md
API-5	Medium	api-routes	PATCH /api/orders/[id] role matrix	any Cashier or Manager can reopen an order (and a rejected 403 never happens), so an accepted order can be pushed back to the pending column by any worker, across devices.	docs/audit/02-api-routes.md
API-6	Medium	api-routes	POST /api/auth/worker/accept × accept page	a worker whose invite was already claimed, rate-limited, or rejected by the DB is told "welcome" and lands on /worker/dashboard with no server session — WorkerShell then bounces them…	docs/audit/02-api-routes.md
API-7	Medium	api-routes	POST /api/auth/signup	(a) an unauthenticated, scriptable account-existence oracle; (b) unbounded creation of *confirmed* auth users through the service-role client (email_confirm: true, signup/route.ts:67-73) — one HTTP…	docs/audit/02-api-routes.md
API-8	Medium	api-routes	PATCH /api/orders/[id] × use-orders	a 401 (expired session), 403 (cashier marking paid, cross-restaurant), 400 (malformed acceptedBy) or 500 is invisible.	docs/audit/02-api-routes.md
API-9	Medium	api-routes	POST /api/auth/worker/invite	an authenticated owner (or anyone who obtained an owner session) can mint unlimited redeemable worker credentials — 256-bit tokens, but no throttle, no cap, and no cleanup of unclaimed rows.	docs/audit/02-api-routes.md
DB-01	Critical	database	migrations/base-schema	Nobody can stand the app up from the repo.	docs/audit/01-database.md
DB-02	Critical	database	schema contract	app writes columns no committed DDL accounts for (products.updated_at, orders.table_id, worker_invites.used_by, restaurants.updated_at), so PUT /api/menu 500s and every read can fail 42703.	docs/audit/01-database.md
DB-03	High	database	PUT /api/menu	Any failure of the restaurant update (missing column, RLS, oversized value) is reported to the user as a successful save while name/slug/tagline/theme/logo/cover are all discarded.	docs/audit/01-database.md
DB-04	High	database	restaurants.slug	Two owners (or one owner with two restaurants) can persist the same slug; from then on .single() returns a PGRST116 error for every guest scan of that slug, data is null and the public menu 404s…	docs/audit/01-database.md
DB-05	High	database	PostgREST embeds / FKs	without the FKs PostgREST returns PGRST200, data is null, and the dashboard shows zero orders while orders exist in the table, and every valid worker invite link 404s.	docs/audit/01-database.md
DB-06	High	database	1002 §7 RLS	if the pre-existing schema had a permissive read policy on workers or worker_invites — e.g.	docs/audit/01-database.md
DB-07	Medium	database	1002:77-90 dedupe renumbering	a re-run silently renumbers tickets that were already printed/served — two different orders end up sharing/shifting the numbers a kitchen already saw.	docs/audit/01-database.md
DB-08	Medium	database	1002 day boundary	after local midnight while the UTC day is still the same, the counter restarts at 1001 while the index still holds yesterday's-UTC-day numbers 1001..	docs/audit/01-database.md
DB-09	Medium	database	1002:81 vs 1002:96-97	with a session TimeZone ≠ UTC, two rows in different local-day partitions can be assigned the same 1000+rn while sharing the same UTC order_day; CREATE UNIQUE INDEX then fails with 23505 and, because…	docs/audit/01-database.md
DB-10	Medium	database	1002:148-153	uniqueness of a bearer credential silently depends on the order in which the schema was built; two workers could share a token and lookupWorkerByToken's maybeSingle() (src/lib/worker-auth.ts:65-71)…	docs/audit/01-database.md
DB-11	Medium	database	uniqueness contract	a duplicate makes the corresponding lookup return a PostgREST error with no message the user can act on: the guest menu 404s (page.tsx:26), guest ordering returns 404 BAD_TABLE, invite acceptance…	docs/audit/01-database.md
DB-12	Medium	database	1002:158-171 CHECK constraints	on any pre-existing project with one out-of-range row — a negative price from an OCR import, a legacy quantity = 0 line — the ADD CONSTRAINT raises 23514 and aborts the whole migration, so the…	docs/audit/01-database.md
DB-13	Medium	database	required defaults	on a base schema whose PKs lack defaults, every restaurant/order/line/invite insert fails 23502 not_null_violation — the whole product, not one screen.	docs/audit/01-database.md
DB-14	Medium	database	products.price / orders.total column types	if price/total are declared integer or real, PostgreSQL silently rounds fractional prices on assignment — a 2.50 TND item becomes 3.00, and the ticket total no longer matches the sum of the lines the…	docs/audit/01-database.md
DB-15	Medium	database	Supabase coupling	the migration is Supabase-only; a developer who follows the README onto RDS/Neon/ docker-postgres gets 42883 at 1002:194-203 and 42P01 at 1002:291.	docs/audit/01-database.md
DB-16	Medium	database	PUT /api/menu deletes	when a delete is rejected by a FK from orders.table_id (or any other constraint), the row survives while the client's payload says it is gone; the next GET /api/menu re-adds it (:67-84) and the owner…	docs/audit/01-database.md
DB-17	Medium	database	legacy triggers	on that project — and on any project inheriting the same ad-hoc schema — running 1002 does not deliver what the file claims (§1 "atomic daily order numbers"): the rogue trigger still stomps the…	docs/audit/01-database.md
DB-18	Medium	database	products.sort_order	the documented capability does not exist.	docs/audit/01-database.md
DB-19	Low	database	orders.order_day nullability	in a plain unique index NULLs are distinct, so the "unique backstop for daily ticket numbers" (README.md:81) silently does not constrain rows with a NULL order_day — duplicates can coexist…	docs/audit/01-database.md
DB-20	Low	database	worker role vocabulary	a row with role='manager' (accepted by the DB) is silently downgraded to Cashier at order-PATCH time, so a manager gets 403 FORBIDDEN when marking an order paid and has no way to understand why.	docs/audit/01-database.md
DB-21	Low	database	configuration surface	the documented local-setup path fails at the first step (no config → no stack), and the first-run ownership transfer depends on an undocumented variable whose default is a stale address from the…	docs/audit/01-database.md
DB-22	Low	database	allocateOrderNumber fallback	while the two windows disagree (the local/UTC day boundary) the fallback can compute a number that already exists in the UTC-day group; the insert is rejected 23505 and the loop at :261-415…	docs/audit/01-database.md
DB-23	Low	database	dead columns	three columns are required by the schema but carry no behaviour: publication is not a real control (an unpublished menu is still public and unauthenticated), and currency can never be changed from…	docs/audit/01-database.md
DB-24	Low	database	storage bucket creation	the bucket accepts any size and any content type for anything holding a service key or an authenticated Storage session; the only guard is the TypeScript handler.	docs/audit/01-database.md
FE-01	Critical	frontend-ux	Onboarding wizard	a first customer clicks the hero CTA, builds an entire menu, sees "Saved locally" (which reads as success), and none of it ever leaves the browser.	docs/audit/03-frontend-ux.md
FE-02	Critical	frontend-ux	SaveStatus / onboarding-store	the first save is exactly the one that can fail (409 SLUG_TAKEN or 5xx) and the "Saved locally" pill hides it, so the owner prints QR codes for a restaurant that was never created.	docs/audit/03-frontend-ux.md
FE-03	High	frontend-ux	Guest menu — order submit	the duplicate-order protection is defeated by the client, because every attempt carries a new key.	docs/audit/03-frontend-ux.md
FE-04	High	frontend-ux	Guest menu — 409/404 on submit	the guest is told to change something but has no way to learn what; the cart retains the offending line.	docs/audit/03-frontend-ux.md
FE-05	High	frontend-ux	Guest menu — cart and confirmation durability	(a) any refresh, accidental back-swipe or phone lock-screen eviction wipes an in-progress cart with no warning; (b) the order number and total — the guest's only proof and the only way to reconcile…	docs/audit/03-frontend-ux.md
FE-06	High	frontend-ux	Worker invite accept / invite create	under rate limiting or a broken backend, the owner hands out a link that yields a worker device holding no server session, and that device's order board is permanently empty (see FE-08).	docs/audit/03-frontend-ux.md
FE-07	High	frontend-ux	WorkerShell / worker dashboard layout	repro — in any browser, localStorage.setItem("sufra.worker", '{"id":"x","name":"x","role":"Manager"}'), then open /worker/dashboard.	docs/audit/03-frontend-ux.md
FE-08	High	frontend-ux	useOrders / onboarding hydration	an owner who signs in sees the Overview with zero revenue, zero orders and empty charts (src/app/(owner)/dashboard/page.tsx:55-63) even though the restaurant has live orders; /dashboard/orders shows…	docs/audit/03-frontend-ux.md
FE-09	High	frontend-ux	Navigation / landing page	a returning owner who opens the site root has no discoverable way back into their dashboard — they must hand-type /auth/login.	docs/audit/03-frontend-ux.md
FE-10	Medium	frontend-ux	StepPreview — scan URL	the wizard's "Scan link" — the one URL the owner is invited to copy and share — points at a domain the product does not own and a path the guest route does not serve.	docs/audit/03-frontend-ux.md
FE-11	Medium	frontend-ux	StepPreview / onboarding Navbar / Tables page	combined with FE-02, an owner whose first PUT failed still sees "Ready", still gets a "generated" toast and still gets a printable sheet of QR codes for a restaurant that does not exist.	docs/audit/03-frontend-ux.md
FE-12	Medium	frontend-ux	Onboarding autosave	repro — on /onboarding, type a category name, then within 900 ms close the tab (or, on the owner menu editor, navigate to another route that unmounts the editor).	docs/audit/03-frontend-ux.md
FE-13	Medium	frontend-ux	useOrders / WorkerNewOrderDialog / store hydration	(a) the operator cannot distinguish "no orders" from "the connection is dead" — the exact failure described in this slice's brief; (b) tapping "Place order" in a busy service simply does nothing…	docs/audit/03-frontend-ux.md
FE-14	Medium	frontend-ux	useOrders optimistic mutations	a cashier tapping Accept where the server returns 403/401/404 (or the order was already taken) sees the card move to Accepted and a green success toast; 3 seconds later the poll silently snaps it…	docs/audit/03-frontend-ux.md
FE-15	Medium	frontend-ux	ForgotForm	an owner locked out of their own restaurant is told "a reset link is on its way" with certainty, when nothing was sent and nothing can be sent (no .env.local, no Supabase project — the project's…	docs/audit/03-frontend-ux.md
FE-16	Medium	frontend-ux	App Router boundaries	a guest who scans a QR from an old print run, or a token that was regenerated, lands on Next's unstyled default 404 — English-only, unbranded, with no "ask your server to rescan" guidance and no link…	docs/audit/03-frontend-ux.md
FE-17	Medium	frontend-ux	Guest menu, category editor, lang switcher — accessibility	a screen-reader user hears "minus, plus" repeated for every product with no way to tell which dish each belongs to, and cannot adjust a cart line at all; a thumb on a phone in a dim restaurant will…	docs/audit/03-frontend-ux.md
FE-18	Medium	frontend-ux	I18nProvider — hydration	every user whose stored language is fr or ar — the two locales the product explicitly ships, including the whole Tunisian target market — renders English HTML on the server, then hydrates with…	docs/audit/03-frontend-ux.md
FE-19	Low	frontend-ux	ProductForm / invite accept — silent validation	a worker tapping "Accept invitation" with the name field untouched sees absolutely nothing happen and has no idea a name is required — the accept form has no required attribute and no error slot.	docs/audit/03-frontend-ux.md
FE-20	Low	frontend-ux	onboarding-store acceptInvite	[INFERENCE] React is permitted to invoke updaters more than once (StrictMode double-invoke, concurrent re-render), so the localStorage write and the setWorkerSession call are not guaranteed to run…	docs/audit/03-frontend-ux.md
I18N-01	High	i18n-content	Currency (guest menu)	a guest who taps $ on their table sees a coffee listed at $1.40 while the kitchen receives 4.500 TND and the owner's own card shows whatever currency *their* device last selected (same localStorage…	docs/audit/06-i18n-content.md
I18N-02	High	i18n-content	Locale default & persistence	a phone with an ar-TN locale gets the English UI, LTR, on first paint and stays English until the user finds the AR pill inside LangCurSwitcher (lang-cur-switcher.tsx:15-27, labels EN/FR/AR, not…	docs/audit/06-i18n-content.md
I18N-03	High	i18n-content	RTL — dir is never server-rendered	on the guest menu, the onboarding wizard, both dashboards and the auth pages, the rendered direction is LTR until hydration; [dir="rtl"] .font-serif (globals.css:197) cannot match before then, so…	docs/audit/06-i18n-content.md
I18N-04	High	i18n-content	RTL breakage — guest menu	guest menu/search/cart/dialog use physical left/right utilities (left-3.5, pl-10 pr-4, sm:text-left, right-4), so the guest surface is visually broken in Arabic RTL.	docs/audit/06-i18n-content.md
I18N-05	High	i18n-content	Missing key renders a raw string to the owner	Step 5 of the onboarding wizard always shows the literal text prv_menuItemsSub under "6 Menu Items" — in EN, FR and AR alike, on the final step of the first-run flow, immediately before the owner is…	docs/audit/06-i18n-content.md
I18N-06	High	i18n-content	Onboarding headers hard-coded English (keys exist)	a French or Arabic café owner building their first menu sees five English section headers, and step 5's headline/description in English.	docs/audit/06-i18n-content.md
I18N-07	High	i18n-content	Auth surfaces are English-only	the only entry point for an existing owner is unlocalized in a 3-locale product; and because dir is set globally (src/lib/i18n.tsx:1844), an owner whose device is Arabic gets this English form…	docs/audit/06-i18n-content.md
I18N-08	Medium	i18n-content	Worker terminal shows the wrong role	a Manager logged into their own terminal is told they are a cashier, in every locale.	docs/audit/06-i18n-content.md
I18N-09	Medium	i18n-content	Role names untranslated in the invite UI	Arabic/French sentences read "دعوة Manager" / "Manager · ينتهي خلال 24 ساعة"; the invite dialog's role picker is English in an otherwise translated dashboard.	docs/audit/06-i18n-content.md
I18N-10	Medium	i18n-content	Hard-coded English timestamps stored as data	worker dashboards in FR/AR show "Just now"; the local invite page shows "In 24 hours" instead of t("inv_expires24") ("Dans 24 heures" / "خلال 24 ساعة").	docs/audit/06-i18n-content.md
I18N-11	Medium	i18n-content	Scan error codes with no message	an owner whose session expires mid-scan gets "Something went wrong while scanning.	docs/audit/06-i18n-content.md
I18N-12	Medium	i18n-content	RTL breakage — dashboards & wizard	dashboards, wizard and shared UI pin text/padding/arrows to physical left/right, so Arabic switches to RTL but keeps LTR alignment, spacing and arrows in ~20 places.	docs/audit/06-i18n-content.md
I18N-13	Medium	i18n-content	OCR review price ignores the currency setting	with cur = usd the wizard shows the scanned item as "4.500 DT" in the review and "$1.40" two steps later — the same product, two currencies, in one flow.	docs/audit/06-i18n-content.md
I18N-14	Medium	i18n-content	restaurants.currency is written once and never read	the DB column is decorative; an owner cannot choose a currency, a guest's currency is a device preference, and the round-trip OCR rate (menu-scan.ts:195, 1 EUR ~ 3.4 TND, 1 USD ~ 3.1 TND) disagrees…	docs/audit/06-i18n-content.md
I18N-15	Low	i18n-content	Dead keys and a duplicated key family	no runtime impact beyond maintenance risk (it is what let I18N-05 ship silently), plus the unused cur_label/lang_label are exactly the labels the switchers never show (see I18N-16).	docs/audit/06-i18n-content.md
I18N-16	Low	i18n-content	Currency/language switcher has no accessible labels	a screen-reader guest hears "$" and "€" with no context; a guest who does not know DT cannot tell what the row does, and there is no visible indication that the currency toggle exists vs the language…	docs/audit/06-i18n-content.md
I18N-17	Low	i18n-content	Static English metadata for every locale	browser tab, search results and link previews (WhatsApp is the primary sharing channel for this market) are always English, even for an Arabic café.	docs/audit/06-i18n-content.md
I18N-18	Low	i18n-content	English fallback copy in localized components	mostly owner-side; menu/[slug]/[token]/page.tsx:70 is guest-visible but only when a restaurant has a null name (the wizard requires one).	docs/audit/06-i18n-content.md
I18N-19	Low	i18n-content	Landing demo prices are not dinar prices	[INFERENCE — judgement about plausible café pricing] the pitch shows "4.750 DT" for an "Oat Cortado" and "$1.47" for the same dish once the visitor taps $, which reads as a 3× discount rather than a…	docs/audit/06-i18n-content.md
INFRA-01	Critical	infra-devops	Dockerfile runner stage	COPY with a source path that does not exist in the source stage is a hard build failure, not a silent skip (failed to compute cache key: ...	docs/audit/05-infra-devops.md
INFRA-02	Critical	infra-devops	package.json / package-lock.json	npm ci (.github/workflows/ci.yml:19) validates lock↔manifest sync and exits non-zero with EUSAGE: ...	docs/audit/05-infra-devops.md
INFRA-03	Critical	infra-devops	docker-compose.yml env_file	env_file defaults to required, so docker compose up --build fails during project load — before any container is created and before the build starts — with env file C:\...\.env.local not found.	docs/audit/05-infra-devops.md
INFRA-04	High	infra-devops	docker-compose.yml healthcheck vs src/app/api/	the probe gets HTTP 404, r.ok is false, the command exits 1, and after start_period: 20s + 3 × 30s the container is permanently Up (unhealthy).	docs/audit/05-infra-devops.md
INFRA-05	High	infra-devops	docker-compose.yml n8n service	the app never calls n8n, so this is a second container, a second port (:5678), a persistent volume and a hardcoded encryption key in the image config that the product does not use — for a newcomer,…	docs/audit/05-infra-devops.md
INFRA-06	High	infra-devops	.github/workflows/ci.yml	every defect in this report except INFRA-02 ships unobserved: CI would never have caught the missing public/, the phantom /api/health probe, the missing .env.local, the dead n8n service, or a…	docs/audit/05-infra-devops.md
INFRA-07	Medium	infra-devops	.env.example:44	the documented flow is cp .env.example .env.local (README.md:19) — so the shipped default wins.	docs/audit/05-infra-devops.md
INFRA-08	Medium	infra-devops	.env.example vs src/app/api/auth/signup/route.ts:21	.env.example is the enforced contract for handoff (the DB/compose paths both refer to it).	docs/audit/05-infra-devops.md
INFRA-09	Medium	infra-devops	supabase/ (no config.toml) + migration filename	the locally-hosted-Supabase path that both config files advertise is not runnable: without supabase/config.toml the CLI refuses to start a project (Cannot find project config), and supabase db…	docs/audit/05-infra-devops.md
INFRA-10	Medium	infra-devops	package.json scripts	the three things a newcomer must do that are not npm run dev — create the database, seed it, verify the production artefact the way Docker runs it — have no entry points.	docs/audit/05-infra-devops.md
INFRA-11	Low	infra-devops	Dockerfile:24	a maintainer reading the Dockerfile believes the standalone output is toggled at build time by that variable, so moving/removing it looks meaningful and a runner-only env change appears to change the…	docs/audit/05-infra-devops.md
INFRA-12	Low	infra-devops	Dockerfile:8	two harms. (a) It hides lockfile drift: the image build silently resolves a different dependency tree (npm install rewrites the lock inside the layer) than CI's npm ci — which is why nobody noticed…	docs/audit/05-infra-devops.md
INFRA-13	Low	infra-devops	tailwind.config.ts under Tailwind v4	Tailwind v4 does not read tailwind.config.ts unless the CSS opts in with @config, so this file is dead configuration.	docs/audit/05-infra-devops.md
INFRA-14	Low	infra-devops	next.config.mjs:13-18	the Next image optimizer will fetch and re-serve any host, so /_next/image?url=http://<internal-host>/...	docs/audit/05-infra-devops.md
INFRA-15	Low	infra-devops	package.json:16	an unused runtime dependency is installed in every image, every CI run and every developer's node_modules, and expands the supply-chain surface for zero product value; it also misleads (a reviewer…	docs/audit/05-infra-devops.md
INFRA-16	Low	infra-devops	toolchain pins	there is no declared runtime, so npm install on Node 24/npm 11 (what every local run does) is free to write lockfile content that the Node 20/npm 10 path in CI and Docker reads differently, and…	docs/audit/05-infra-devops.md
INFRA-17	Low	infra-devops	.gitignore	running the documented Docker command drops an untracked n8n/ directory into the working tree, and the audit deliverables show up as untracked noise next to them — so git status offers a commit that…	docs/audit/05-infra-devops.md
INFRA-18	Low	infra-devops	README.md:17 (dev-onboarding path)	the first command a newcomer is told to run fails; the mismatch also means the app name in the handoff docs (Sufra), the npm package (sufra) and the Compose project (restaurant-ai) are three…	docs/audit/05-infra-devops.md
LIB-01	High	lib-core	worker-permissions.ts + PATCH /api/orders/[id]	any cashier or manager can PUT status:"pending" and pull an accepted — or already paid — order back to the pending column, re-notifying the kitchen.	docs/audit/04-lib-core.md
LIB-02	High	lib-core	worker-auth.ts + logout	the 7-day window is client-side only.	docs/audit/04-lib-core.md
LIB-03	High	lib-core	owner-auth.ts + logout	a leaked refresh token survives logout for up to 60 days and keeps minting valid access tokens.	docs/audit/04-lib-core.md
LIB-04	High	lib-core	order-utils.ts	a product priced from an imported menu at 3 decimals (e.g.	docs/audit/04-lib-core.md
LIB-05	High	lib-core	menu-sync-guard.ts + PUT /api/menu	validateSyncPayload returns the raw payload cast as valid, so unvalidated sort_order/isAvailable/isPublished and other fields are written straight to the DB by PUT /api/menu.	docs/audit/04-lib-core.md
LIB-06	High	lib-core	menu-mapping.ts + qr.ts call sites	printed QR standees are the product's core artefact and they are not durable.	docs/audit/04-lib-core.md
LIB-07	High	lib-core	use-orders.ts	polling every 3s with no in-flight guard, no sequence id, no abort, no visibility handling and a silent error path — stale responses overwrite fresher state and requests pile up.	docs/audit/04-lib-core.md
LIB-08	Medium	lib-core	rate-limit.ts	an unauthenticated client can send a unique X-Forwarded-For per request, so every request creates a key that survives pruning for the whole window — unbounded memory growth (a self-inflicted OOM)…	docs/audit/04-lib-core.md
LIB-09	Medium	lib-core	menu-sync-guard.ts + PUT /api/menu	a payload containing the same product id twice is accepted by the guard and then fails in Postgres — ON CONFLICT DO UPDATE command cannot affect row a second time (SQLSTATE 21000) — surfacing as…	docs/audit/04-lib-core.md
LIB-10	Medium	lib-core	menu-sync-guard.ts + POST /api/orders	if two table rows in one restaurant share a qr_token, maybeSingle() errors on >1 row and every order from those tables fails with "Table not found" — permanently, until the owner deletes and…	docs/audit/04-lib-core.md
LIB-11	Medium	lib-core	image-utils.ts	(a) a 2048×2048 PNG screenshot (commonly 6–10 MB) passes through byte-for-byte, defeating the size cap and feeding the route's unbounded req.formData() (prior finding #4,…	docs/audit/04-lib-core.md
LIB-12	Medium	lib-core	migration 1002 + PUT /api/menu + readers	the advertised capability (owner-controlled dish ordering) is half-built: the column, index and backfill land in the DB and are then dead weight, and every product list is ordered by insertion time…	docs/audit/04-lib-core.md
LIB-13	Medium	lib-core	utils.ts + menu-sync-guard.ts	Impact, in a TND/Arabic-first product: (a) any restaurant whose name is entirely non-Latin (e.g.	docs/audit/04-lib-core.md
LIB-14	Low	lib-core	owner-auth.ts	no production deployment built and started normally can enable the bypass, so this is not a live vulnerability.	docs/audit/04-lib-core.md
LIB-15	Low	lib-core	PATCH /api/orders/[id] (owner branch)	an owner-initiated accept can stamp an arbitrary (including another restaurant's) worker id onto the order, corrupting the "who accepted this" label the dashboards display (api/orders/route.ts:30-31).	docs/audit/04-lib-core.md
LIB-16	Low	lib-core	worker-auth.ts	today's impact is ~nil (a Max-Age=0 deletion over plain HTTP is harmless, and the dead helper is never wired).	docs/audit/04-lib-core.md
LIB-17	Low	lib-core	qr.ts	an encoding failure becomes an unhandled promise rejection with no user-visible error — the user clicks "download all" and gets nothing.	docs/audit/04-lib-core.md
LIB-18	Low	lib-core	utils.ts	the helper's comment ("must still be unpredictable", implying 8 bytes = 64 bits) overstates the entropy by ~21 bits.	docs/audit/04-lib-core.md
LIB-19	Low	lib-core	utils.ts + menu-sync-guard.ts	a #abc or #11223344 brand colour passes validation, then renders a white translucent accent behind the brand elements with no error — a visible theme bug that the validator explicitly allowed.	docs/audit/04-lib-core.md
LIB-20	Low	lib-core	rate-limit.ts	a stray value in a production .env (the file is copied from .env.example, which documents the switch next to the auth bypass) silently removes throttling from login, recover, reset, order creation,…	docs/audit/04-lib-core.md
LIB-21	Low	lib-core	worker-auth.ts	dead code that advertises a control the app decided not to use (delete or wire it — leaving it invites a future layout to add a redundant, bypass-sensitive guard).	docs/audit/04-lib-core.md
LIB-22	Low	lib-core	order-utils.ts	a free (0-priced) catalog product produces an order whose total is 0 and which passes every guard, including the range check.	docs/audit/04-lib-core.md
LIB-23	Medium	lib-core	order-utils.ts (dead export with live tests)	the tested contract and the executed contract are different code.	docs/audit/04-lib-core.md
LIB-24	Medium	lib-core	utils.ts (appBaseUrl)	(a) on the server-rendered first paint typeof window is undefined, so the initial HTML contains the hardcoded placeholder domain https://sufra.app/menu/<slug>/<token>; a user who copies the visible…	docs/audit/04-lib-core.md
LIB-25	Low	lib-core	worker-invite.ts + invite readers (fail-open TTL)	any invite row whose expires_at is null — pre-existing rows, or any future writer that omits the column — is a credential with an infinite lifetime; combined with LIB-02 (sessions also never expire…	docs/audit/04-lib-core.md
OCR-01	Critical	ocr-pipeline	reconcileImports (reconcile)	reconcileImports drops parser products when an AI and parser product share a name key, so a dish printed in two sections can lose a listing and a whole category can vanish while the UI reports success.	docs/audit/07-ocr-pipeline.md
OCR-02	Critical	ocr-pipeline	parseOcrMarkdown price split	PRICE_SPLIT_RE swallows the digit run before the price, so "Couscous 1 200" becomes a phantom dish named "Couscous 1" at 200 DT — a wrong-but-plausible price in the live menu.	docs/audit/07-ocr-pipeline.md
OCR-03	High	ocr-pipeline	parseOcrMarkdown currency/digit handling	prices printed with a leading currency symbol or Arabic-Indic digits ("$12.50", "€ 5.500", "١٢٫٥") match nothing, so those items import at price 0.	docs/audit/07-ocr-pipeline.md
OCR-04	High	ocr-pipeline	table-formatted menus	table-laid-out menus arrive via page.tables which the pipeline discards (markdown holds only [tbl-N.md] placeholders), so the deterministic baseline sees nothing and garbage/all-AI rows can be imported.	docs/audit/07-ocr-pipeline.md
OCR-05	High	ocr-pipeline	quality gate contradicts the parser	the quality gate rejects legitimate small menus (3-item headingless board, bold/#### headings) and then fails the scan after three paid OCR calls, while accepting junk panels and truncations.	docs/audit/07-ocr-pipeline.md
OCR-06	High	ocr-pipeline	no timeout on any provider or client fetch	no AbortSignal on any Mistral fetch (or on the client scan POST), so a hung provider parks the request until the platform 504 with no typed error and the paid spend already committed.	docs/audit/07-ocr-pipeline.md
OCR-07	Medium	ocr-pipeline	per-request memory ≈3× the upload cap	on a 512 MB serverless function or a small VPS, two or three concurrent scans from different IPs OOM the process (killing in-flight orders for other users on the same instance); memory is held for…	docs/audit/07-ocr-pipeline.md
OCR-08	Medium	ocr-pipeline	uploaded documents are never deleted	every scan permanently retains the owner's menu photographs in Mistral's storage — unbounded growth against the account's file quota, and a data-retention exposure for images that may capture staff,…	docs/audit/07-ocr-pipeline.md
OCR-09	Medium	ocr-pipeline	merge silently skips colliding rows	the owner hand-corrects a price after a bad scan, re-scans, and the UI says the import succeeded while those rows were dropped — half-applied state with a success signal.	docs/audit/07-ocr-pipeline.md
OCR-10	Medium	ocr-pipeline	review step hides rows it is about to import	the owner reviews a 40-item scan, sees 8 rows per section, and imports the rest unseen.	docs/audit/07-ocr-pipeline.md
OCR-11	Medium	ocr-pipeline	HEIC/HEIF accepted then fails to decode	on Windows/Android Chrome, picking an iPhone HEIC photo is a dead end: a generic error, the file stays in the list, and retrying re-fails — while the product's own picker advertised the format as…	docs/audit/07-ocr-pipeline.md
OCR-12	Medium	ocr-pipeline	items before the first heading are discarded	on a two-column menu, or a photo whose top line is a "Plat du jour" before the first section heading, that item is silently dropped from the import — a missing product with no signal anywhere in the…	docs/audit/07-ocr-pipeline.md
OCR-13	Medium	ocr-pipeline	truncation detection only catches one shape	the 20-page cap (MAX_PAGES_PER_FILE, :62, pages:"0-${19}" at :263) or a cut-off page produces a fragment that passes every gate and is imported as the complete menu — the owner publishes a menu…	docs/audit/07-ocr-pipeline.md
OCR-14	Low	ocr-pipeline	sanitizePrice mishandles $ and non-ASCII digits	whenever the annotation is missing or fails to parse (OCR-15) the string path is the only one left; $-prefixed prices then silently become 0 (free items), and the parser/sanitizer disagreement on…	docs/audit/07-ocr-pipeline.md
OCR-15	Low	ocr-pipeline	document_annotation assumed to be a JSON string	if the provider's shape differs, the flagship "AI structure" path silently never runs in production while every log looks healthy; quality silently degrades to the regex parser (which is where…	docs/audit/07-ocr-pipeline.md
OCR-16	Low	ocr-pipeline	provider auth failures are reported as a configuration error	an expired, revoked, or plan-limited key (403) tells the owner the feature is unconfigured — the wrong remediation, and it hides a real operational incident from whoever reads the error.	docs/audit/07-ocr-pipeline.md
OCR-17	Low	ocr-pipeline	isJunkHeading drops real headings	dishes land in a section literally named Menu (or in the previous section) instead of their printed heading — the category name is what the guest sees as the section header on the QR menu, so the…	docs/audit/07-ocr-pipeline.md
OCR-18	Low	ocr-pipeline	orphan price lines are discarded	a section-heading-plus-price layout ("Menu du jour\n12.500") loses the price, and the item imports as free with no visible error.	docs/audit/07-ocr-pipeline.md
